ID,MCC,Precision,Recall,Accuracy
1,0.01650837063724762,0.007619047619047619,0.11764705882352941,0.9426041666666667
2,0.04015223171615771,0.013539651837524178,0.20588235294117646,0.9440625
3,0.025173113318015434,0.009881422924901186,0.14705882352941177,0.9447916666666667
4,0.010072451789702456,0.006122448979591836,0.08823529411764706,0.9460304230047927
5,0.05560732169626463,0.017374517374517374,0.2647058823529412,0.9443634090435508
